{"cameraMode":{"drawMode":0,"name":"Shaded","section":"Shading Mode"},"sceneLighting":true,"audioPlay":false,"sceneViewState":{"showFog":false,"showMaterialUpdate":false,"showSkybox":false,"showFlares":false,"showImageEffects":false,"showParticleSystems":false,"showVisualEffectGraphs":true,"m_FxEnabled":true},"in2DMode":false,"pivot":{"x":-0.7716555595397949,"y":1.4016817808151246,"z":1.5583528280258179},"rotation":{"x":-0.046062812209129336,"y":0.9024037718772888,"z":-0.41671088337898257,"w":-0.10008686780929566},"size":20.871692657470704,"orthographic":false}